id,year,market,title,authors_institution,method,key_contribution,gap_relevance,url
PE_FIN_001,2005,credit,"El efecto pass-through de la tasa de interés y política monetaria en Perú 1995-2004","Erick Lahura - BCRP","VECM","Pass-through incompleto y asimétrico en corto plazo","Actualizar con panel producto×institución y competencia","https://investigacion.bcrp.gob.pe/en/research/working-papers/2005/dt-2005-008-en"
PE_FIN_002,2014,credit,"Competition among financial intermediaries in Peru","Céspedes & Orrego - BCRP","Panzar-Rosse H statistic","Competencia monopolística; competencia aumentó en parte del periodo","Combinar competencia con pricing/pass-through moderno","https://investigacion.bcrp.gob.pe/en/research/working-papers/2014/dt-2014-010-en"
PE_FIN_003,2018,credit,"Tasas de interés bajo competencia monopolística, dolarización y encajes","Toma Uza - PUCP","structural model + micro bank data","Modelo de fijación de tasas con rasgos peruanos","Gap en heterogeneidad reciente/product-level","https://repositorio.pucp.edu.pe/items/0e9457c6-1016-4e4a-922d-a97882a32216"
PE_FIN_004,2022,credit,"Lending Rate Caps and Credit Reallocation","Burga, Nivin & Yamunaqué - BCRP","difference-in-differences, loan-level","Topes reducen tasas y reasignan crédito hacia prestatarios más seguros","Referencia causal que evita repetir topes sin novedad","https://investigacion.bcrp.gob.pe/en/research/working-papers/2022/dt-2022-012-en"
PE_FIN_005,2026,credit,"The Liquidity Premium Channel of Monetary Policy","Piero Garcia - BCRP","identified liquidity shocks + dynamic responses","Shocks de liquidez comprimen spreads vía pricing bancario","Eleva estándar de identificación para transmisión monetaria","https://investigacion.bcrp.gob.pe/en/research/working-papers/wp-2026/dt-2026-015-en"
PE_FISH_001,2011,fisheries,"Individual Vessel Quotas in Peru: Stopping the Race for Anchovies","Tveteras, Paredes & Peña-Torres","policy evaluation","Cuotas frenan race-to-fish y alargan temporada","No repetir efecto general de cuotas","https://www.journals.uchicago.edu/doi/10.5950/0738-1360-26.3.225"
PE_FISH_002,2016,fisheries,"Quotas, Productivity, and Prices: The Case of Anchovy Fishing","Gabriel Natividad","causal reform design","Cuotas elevan precios/bargaining; no productividad física within-firm","Referencia causal central; buscar post-quota/clima/pass-through","https://onlinelibrary.wiley.com/doi/10.1111/jems.12148"
PE_FISH_003,2019,fisheries,"Examination of the Peruvian Anchovy Individual Vessel Quota system","Kroetz et al.","ex-post policy evaluation","Mayor ingreso por unidad, temporada más larga y consolidación","Buscar interacción con shocks ambientales/mercados internacionales","https://www.sciencedirect.com/science/article/abs/pii/S0308597X17308539"
PE_FISH_004,2026,fisheries,"Policies for the Future of Fisheries and Aquaculture in Peru","OECD","policy review","Síntesis reciente de cuotas, precios, eficiencia y sostenibilidad","Fuente de agenda futura y limitaciones","https://www.oecd.org/content/dam/oecd/en/publications/reports/2026/03/policies-for-the-future-of-fisheries-and-aquaculture-in-peru_9a857263/3cccc492-en.pdf"
